feature,importance
TV,0.5670369414911153
Radio,0.39090056860805406
Newspaper,0.04206248990083061
